{
    "bulk_energies": {

        "Cu": -1.470008697358702,
        "C": 0.23,
        "O" : 0.3548,
        "CuCO" : 2.14

    },
    "stoidict": {
        "Cu": 0.49995161381315867,
        "C": 0.68,
        "O" : 0.3,
        "offset": -0.324476454433157
    },
    "stoics": {
        "Cu": 1,
        "C" : 1,
        "O" : 1
    },
    "ref_formula": "CuCO",
    "ref_element": "Cu"
}
